Id,BIRTHDATE,DEATHDATE,SSN,DRIVERS,PASSPORT,PREFIX,FIRST,MIDDLE,LAST,SUFFIX,MAIDEN,MARITAL,RACE,ETHNICITY,GENDER,BIRTHPLACE,ADDRESS,CITY,STATE,COUNTY,FIPS,ZIP,LAT,LON,HEALTHCARE_EXPENSES,HEALTHCARE_COVERAGE,INCOME
1f84d0f1-976e-1a46-e50e-f5d3d421f41a,2019-05-22,,999-98-9171,,,,Leonardo412,Julian715,Feeney44,,,,white,nonhispanic,M,Lynn  Massachusetts  US,245 Marvin Junction Unit 83,Quincy,Massachusetts,Norfolk County,25021,02169,42.275612020082285,-70.99288796368467,16341.33,0.00,103247
8c85983a-a538-522f-bce0-03678b0fc7ce,2017-06-17,,999-54-6293,,,,Josiah310,,Schaden604,,,,white,nonhispanic,M,Mansfield  Massachusetts  US,151 Herman Viaduct,Newburyport,Massachusetts,Essex County,25009,01950,42.79672804284526,-70.93179194295928,21081.88,3007.24,878354
069b5064-ff05-2225-3995-f32685518bc6,1995-09-17,,999-93-4678,S99927134,X14697345X,Mrs.,Cordie578,Kelsey155,Nader710,,Bechtelar572,M,white,nonhispanic,F,Carlisle  Massachusetts  US,1069 Heller Junction,Lowell,Massachusetts,Middlesex County,25017,01850,42.68410524982884,-71.34656384141942,168883.54,467563.69,124612
1e621f4c-db30-c273-49e9-2dcad508a9cb,2010-03-23,,999-35-9473,,,,Jessie665,Foster87,Glover433,,,,white,nonhispanic,M,Lawrence  Massachusetts  US,560 Ritchie Way Suite 68,Whitman,Massachusetts,Plymouth County,,00000,42.10957358454285,-70.92325038595365,28275.75,2391.61,102779
3f6021df-8aac-ed27-a705-e71bc0e4b649,2009-04-28,,999-26-5091,S99994518,,,Xavier983,,Ratke343,,,,native,nonhispanic,M,Winchester  Massachusetts  US,1019 Farrell Center Suite 64,Revere,Massachusetts,Suffolk County,25025,02151,42.38397096403015,-70.98551253821184,2791.51,44774.40,22038
39a59f42-5a52-886d-844b-183228219521,2006-12-13,,999-23-7837,S99918366,,Ms.,Vonda514,,Littel644,,,,white,nonhispanic,F,Nice  Provence-Alpes-Cote d'Azur  FR,508 Gerhold View Unit 85,Worcester,Massachusetts,Worcester County,25027,01602,42.177418916419676,-71.74487793141057,35397.30,8948.13,95959
7353e17f-0cd5-5b0a-c736-92b9ca5f8366,1998-04-12,,999-78-1102,S99986263,X66925607X,Mr.,Lavern240,Zack583,Treutel973,,,,white,nonhispanic,M,Newbury  Massachusetts  US,942 Fahey Overpass Apt 21,Watertown,Massachusetts,Middlesex County,25017,02472,42.36435233629667,-71.22775280842897,42939.22,5471.17,141031
b300716e-ae67-8d6f-d694-51d801881ce0,1994-07-24,,999-12-7983,S99997776,X85566882X,Mrs.,Alda400,,Medhurst46,,Zulauf375,M,white,nonhispanic,F,Wakefield  Massachusetts  US,1086 Conroy Burg Suite 75,Haverhill,Massachusetts,Essex County,25009,01835,42.79675565425832,-71.05020327499679,160465.40,445262.39,47596
7cd3260f-2795-3080-b267-3bb0a9f40624,1980-09-28,,999-91-3045,S99968858,X52344682X,Mrs.,Velvet616,,Goyette777,,Heaney114,M,white,nonhispanic,F,Waltham  Massachusetts  US,152 Spencer Burg,Burlington,Massachusetts,Middlesex County,25017,01730,42.48471978320645,-71.2775573852239,15540.06,1325438.50,18417
b98bf2b2-29a5-5eca-1925-dc32332c340a,1975-01-20,,999-53-6110,S99948075,X57372654X,Mrs.,Georgann131,Reba58,Rutherford999,,Breitenberg711,M,white,nonhispanic,F,Paxton  Massachusetts  US,597 Mertz Trail Suite 30,Fall River,Massachusetts,Bristol County,25005,02721,41.71888213891792,-71.10954797641166,570637.20,364482.81,74269
196b6069-9bdd-a3fb-20ce-47414b6e8cdd,1986-02-10,,999-41-6411,S99953323,X43049521X,Mrs.,Latonya462,Jami235,Lynch190,,Lehner980,M,white,nonhispanic,F,Scituate  Massachusetts  US,458 Witting Stravenue,Lowell,Massachusetts,Middlesex County,25017,01851,42.66502947266086,-71.34409739443451,186919.42,939996.90,51919
9c6736d8-361a-4a4a-ad13-6fe3f4d5a82a,1944-04-28,,999-20-5035,S99924766,X58097261X,Mr.,Blaine377,Joseph689,Kiehn525,,,D,asian,nonhispanic,M,Brookline  Massachusetts  US,973 Hagenes Wynd,Needham,Massachusetts,Norfolk County,25021,02494,42.25930863804845,-71.20506102933082,77430.04,350111.78,179146
2c7f251b-4cd9-fe29-b244-63c2271e15e2,1959-12-23,,999-75-4343,S99976457,X30655971X,Mrs.,Winter723,Otha286,Hagenes547,,Flatley871,D,white,nonhispanic,F,Lexington  Massachusetts  US,269 Padberg Trail Unit 60,Arlington,Massachusetts,Middlesex County,25017,02474,42.42628209491289,-71.17760231820395,18988.17,862417.52,23284
79590754-4679-dafd-8aab-103706580fff,1958-02-13,,999-94-4169,S99999309,X24348177X,Ms.,Dennise990,Ardath226,Rath779,,,S,asian,nonhispanic,F,Haiphong  Kiến An  VN,1035 Monahan Loaf Suite 17,Peabody,Massachusetts,Essex County,25009,01960,42.558683897472406,-70.98091023904352,1022383.46,290681.73,81174
efbd2604-4253-17c5-3973-d5e96ce19d29,2025-08-11,,999-10-2014,,,,Jules135,Augustine565,Schmitt836,,,,white,nonhispanic,M,Cambridge  Massachusetts  US,354 Blanda Ferry Unit 68,Boston,Massachusetts,Suffolk County,25025,02130,42.37098532285948,-71.11043943178241,100.00,2209.87,4255
e2b62842-2715-6c67-0e4f-cc5834c975b7,2022-12-14,,999-15-2562,,,,Alesha810,Nella762,Grant908,,,,black,hispanic,F,Fall River  Massachusetts  US,317 Koelpin Wynd,Milford,Massachusetts,Worcester County,25027,01757,42.108939503764965,-71.50551272817148,10427.31,917.53,51905
347ceebf-0248-5a56-14f3-e1e8e8ffb73c,1924-12-17,1998-07-20,999-39-7452,S99950733,X27790412X,Mrs.,Lecia978,Lizabeth515,Upton904,,Sanford861,M,white,nonhispanic,F,Fitchburg  Massachusetts  US,206 Stokes Lane,Franklin,Massachusetts,Norfolk County,25021,02038,42.084721550380145,-71.43950104028177,40133.53,2156622.56,18756
d78cedc4-323c-f890-fa21-e333d925bd36,2008-09-16,,999-38-9634,S99984639,,,Rosalinda949,,Kuhn96,,,,black,nonhispanic,F,Pittsfield  Massachusetts  US,647 Mann Loaf,Boston,Massachusetts,Suffolk County,25025,02109,42.45390919221389,-71.04174604044695,30327.67,0.00,56736
821038cb-93d8-070c-3e45-ba5c391a2601,2015-08-16,,999-72-4527,,,,Hanh683,,Walsh511,,,,white,nonhispanic,F,Townsend  Massachusetts  US,659 Fisher Trafficway Suite 1,Boston,Massachusetts,Suffolk County,25025,02108,42.33369775723282,-71.13943513102113,16857.57,54729.50,107995
142c3868-45fa-e837-0a35-9aaa250b99b1,1977-05-15,,999-29-6112,S99982190,X89181473X,Mr.,Royal919,Elmo857,Waters156,,,D,white,nonhispanic,M,Sutton  Massachusetts  US,319 Wilderman Mission Suite 84,Whitman,Massachusetts,Plymouth County,,00000,42.037533849794485,-70.93438055664066,11100.81,892369.31,22146
e2f347aa-d08f-4284-ccc1-0dc3a8e23355,2005-05-06,,999-38-1206,S99945831,X78118070X,Mr.,Dana512,Granville802,Hand679,,,,white,nonhispanic,M,Cordaville  Massachusetts  US,478 McDermott Orchard,Lawrence,Massachusetts,Essex County,25009,01840,42.661351921050525,-71.19375948211975,3582.97,33711.87,16471
ec6a8f56-8923-954c-0da6-efc18758232b,1997-09-15,,999-94-4896,S99963584,X5189628X,Mr.,Ken316,,Barton704,,,M,asian,nonhispanic,M,Newton  Massachusetts  US,147 Tromp Union Unit 70,Boston,Massachusetts,Suffolk County,25025,02163,42.227653215231356,-71.11632932788405,7154.86,73893.91,11168
008b89ea-4ed1-fc48-1724-c52cc51e37d5,2005-11-14,,999-43-8775,S99999810,X34986324X,Mr.,Shayne60,Clemente531,Rutherford999,,,,black,nonhispanic,M,Plymouth  Massachusetts  US,511 Heller Ville Apt 51,Cambridge,Massachusetts,Middlesex County,25017,02142,42.41210513556082,-71.11254939417827,3341.57,23217.62,10954
5c277d8b-8d35-348c-6f7d-2a5e4b865f38,1973-04-12,2015-08-18,999-81-3939,S99940362,X78674826X,Mr.,Danial835,Reed154,Crist667,,,M,white,nonhispanic,M,Lowell  Massachusetts  US,551 Boehm Station,Revere,Massachusetts,Suffolk County,25025,02151,42.42403681433789,-70.99809615810418,64272.14,94883.66,28811
df5aea6d-306c-36a4-4183-c9869c1bfb66,1986-05-24,,999-95-9468,S99941582,X30025750X,Mr.,Winford225,Chong355,O'Connell601,,,M,white,nonhispanic,M,Brookline  Massachusetts  US,931 Rodriguez Union,Fall River,Massachusetts,Bristol County,25005,02747,41.71443190444846,-71.17965584682092,95703.60,558032.28,129734
7e65bfa0-5e3b-3515-52aa-bfdef74ffd71,1986-03-18,,999-77-9171,S99991695,X21436644X,Ms.,Jenniffer979,Marcia467,Powlowski563,,,S,white,nonhispanic,F,Boston  Massachusetts  US,959 Mosciski Walk Suite 21,Grafton,Massachusetts,Worcester County,,00000,42.18708021792157,-71.6449868397508,24927.26,204339.30,149894
2e23caa4-d831-1f47-c522-0518bab7bd3d,1946-06-01,,999-36-7116,S99960752,X67607380X,Mr.,Mariano761,Joaquín233,Tamez493,,,M,white,hispanic,M,Panama City  Panama  PA,956 Baumbach Passage,Saugus,Massachusetts,Essex County,25009,01906,42.50608164040751,-71.00809101378341,73916.99,915381.52,109315
f391ceec-7ec0-370f-b6f4-cc5c78332add,2009-06-22,,999-71-6823,S99920103,,,Vivan376,Esther279,Harber290,,,,white,nonhispanic,F,Pittsfield  Massachusetts  US,228 Mann Divide Suite 51,Somerville,Massachusetts,Middlesex County,25017,02143,42.407455199255466,-71.09184354768544,3566.58,46078.66,21963
0be6dff2-7cc7-d519-e658-40467b7eeebc,2000-11-04,,999-98-5691,S99983375,X1320829X,Ms.,Glendora96,Jenell974,Berge125,,,,white,nonhispanic,F,North Amherst  Massachusetts  US,204 Osinski Overpass,Attleboro,Massachusetts,Bristol County,44007,02861,41.87735174518583,-71.3252182779076,131967.70,467352.64,137480
e7264aad-8a07-d44d-940c-2b014fc31762,1992-07-13,,999-20-1544,S99913998,X13947782X,Mr.,Lucio648,Vern731,Bruen238,,,S,white,nonhispanic,M,Boston  Massachusetts  US,633 Ruecker Esplanade Unit 14,Needham,Massachusetts,Norfolk County,25021,02492,42.27827568957435,-71.20064220108253,12227.29,174010.94,4325
ecef6aac-d3b9-ef3f-8bb0-9a7c6364813e,1966-02-20,,999-19-6610,S99978055,X54087967X,Mr.,Nicholas495,Dylan44,Quigley282,,,S,white,nonhispanic,M,Boston  Massachusetts  US,848 Carter Viaduct,Wareham,Massachusetts,Plymouth County,,00000,41.78859970035,-70.6567157738701,9929.31,114239.77,23280
6edc389e-1660-7ac7-cb60-b9cfb1a63a5d,2024-05-24,,999-85-5393,,,,Bonita405,,Bayer639,,,,black,nonhispanic,F,Tewksbury  Massachusetts  US,1053 Balistreri Brook,Chicopee,Massachusetts,Hampden County,25013,01013,42.19680848541528,-72.524708154813,346.29,8654.82,30756
0181add8-7552-9d46-3b97-e5be012f489b,2010-06-29,,999-72-8898,,,,Jay242,Francesco636,Kemmer137,,,,white,nonhispanic,M,West Falmouth  Massachusetts  US,173 Hermann Port Suite 84,Arlington,Massachusetts,Middlesex County,25017,02476,42.44774317393176,-71.17362128892829,22880.21,10960.49,60549
8867dec1-2600-88bb-8b7a-a541f167c8bd,2012-09-25,,999-92-5257,,,,Dylan44,Ryan260,Heller342,,,,white,nonhispanic,M,Boston  Massachusetts  US,175 O'Hara Trafficway,Lunenburg,Massachusetts,Worcester County,25027,01462,42.626397404914734,-71.6718294487211,17152.13,3063.62,41535
c5a17333-816d-683f-2549-f0f6c934c3e0,2012-06-18,,999-33-6057,,,,Adrien235,Lacey714,Hane680,,,,white,nonhispanic,F,West Springfield  Massachusetts  US,388 Mueller Stravenue,Malden,Massachusetts,Middlesex County,25017,02148,42.37976688669975,-71.03454574324684,20249.41,25634.96,41107
78dffa97-f7ab-361c-e8b2-9193afdbf2ab,1985-11-21,,999-55-2713,S99949467,X80547146X,Ms.,Hermine424,Joye57,Hegmann834,,,S,white,nonhispanic,F,Worcester  Massachusetts  US,332 Sporer Loaf,Mansfield,Massachusetts,Bristol County,,00000,42.06033454613766,-71.2469819467557,255173.52,1335043.82,696664
53ab38ed-ddd8-1be9-19b6-ccf6fcf6e5d3,1972-11-03,2020-05-08,999-17-7188,S99933962,X87804513X,Mrs.,Brittny484,Kamala553,Schmeler639,,Koepp521,D,white,nonhispanic,F,Boston  Massachusetts  US,489 Kris Mall,Easthampton,Massachusetts,Hampshire County,25015,01027,42.23742981486244,-72.67524719531097,724668.93,241099.80,36201
d67aaf0a-104d-0854-69b7-24e7894c7e9e,1942-12-17,,999-14-1845,S99910698,X69814404X,Mr.,William805,Wilmer32,Sporer811,,,M,white,nonhispanic,M,Boston  Massachusetts  US,914 Gutkowski Dam Suite 34,Stoneham,Massachusetts,Middlesex County,25017,02180,42.42988748967445,-71.08508727516721,143526.66,209720.41,164182
cd38af39-23f7-92a3-1983-ea0af5e7e011,1961-06-09,,999-43-3625,S99951905,X26826679X,Mr.,Joesph309,Leland44,Labadie908,,,M,white,nonhispanic,M,Boston  Massachusetts  US,711 Denesik Quay,Amesbury,Massachusetts,Essex County,25009,01913,42.89434519466137,-70.98429749490316,75201.48,4854.76,32449
e7f86a5b-05af-8fc8-cbc3-e2a298bda8b8,2012-05-02,,999-77-5794,,,,Val761,Ross213,Heidenreich818,,,,white,nonhispanic,M,Boston  Massachusetts  US,361 Roberts Union Suite 8,Upton,Massachusetts,Worcester County,25027,01568,42.19699390838461,-71.59048521007449,30242.09,3405.38,161960
b0fc3374-c40b-8591-0cc4-d6ffc383e5a4,1964-10-06,,999-22-9040,S99995655,X14226556X,Mr.,Enrique929,Coleman27,Schimmel440,,,D,white,nonhispanic,M,Brookfield  Massachusetts  US,380 Leffler Crossing Unit 69,Yarmouth,Massachusetts,Barnstable County,,00000,41.7240839638308,-70.20518982619214,233823.54,653082.51,42610
3c5a560a-9450-cc9d-9d9e-1e56de16c95c,2009-07-03,,999-88-4732,S99981718,,,Fidel864,Ruben688,Kshlerin58,,,,white,nonhispanic,M,Worcester  Massachusetts  US,352 Wintheiser Quay,Chelmsford,Massachusetts,Middlesex County,,00000,42.57094151779865,-71.39127180250473,8322.88,37714.42,66918
dd1d9722-c7b2-4159-36a0-7dc09a27273d,2008-06-05,,999-35-6211,S99916803,,,Kirk871,Kent912,Crona259,,,,white,nonhispanic,M,Worcester  Massachusetts  US,393 Marquardt Street Unit 83,Groveland,Massachusetts,Essex County,,00000,42.78697695644172,-70.9914877014727,53403.48,11325.41,157143
a2207c71-4aba-4c37-25c3-105cf692d053,1981-10-30,,999-44-4978,S99941675,X45251410X,Mr.,Otto672,Mose244,Runte676,,,M,white,nonhispanic,M,Quincy  Massachusetts  US,936 Gislason Crossing Apt 36,Burlington,Massachusetts,Middlesex County,25017,01730,42.49376705174932,-71.1742211897041,51887.21,13671.08,130944
0e7809bd-be4e-ed66-9589-9253b729e37b,1964-10-17,,999-78-2116,S99971816,X69696272X,Mrs.,Krysten276,Rickie717,Prohaska837,,Glover433,M,white,nonhispanic,F,Pittsfield  Massachusetts  US,839 Huels Meadow,Rockland,Massachusetts,Plymouth County,,00000,42.10199239245121,-70.88759784295742,236193.35,576731.56,145475
4c6b9977-35e1-4ace-a7a4-e211b3e16068,2002-01-17,,999-25-6350,S99911464,X63272150X,Mr.,Sean831,,Bruen238,,,,white,nonhispanic,M,Boston  Massachusetts  US,658 Dach Lane,Williamstown,Massachusetts,Berkshire County,25003,01267,42.70121532001679,-73.20434458335897,5138.10,174440.10,21658
a45283db-c3ad-8377-de1c-571b3c15a163,2011-04-13,,999-46-2559,,,,Connie24,Lakendra356,Boyer713,,,,white,nonhispanic,F,Worcester  Massachusetts  US,250 Hettinger Spur,Fall River,Massachusetts,Bristol County,25005,02723,41.69843643079202,-71.09654371280453,39783.81,19541.25,39886
e75db126-8dde-60d4-e111-cc2b4a619726,1986-04-26,,999-51-2949,S99913475,X61522691X,Mrs.,Carlene772,Lettie611,Bashirian201,,Crona259,W,black,nonhispanic,F,Plymouth  Massachusetts  US,725 Hettinger Walk,Newbury,Massachusetts,Essex County,,00000,42.755623461497834,-70.84243591079736,590265.76,1266535.52,80611
5e30f14c-15ab-b668-fb6f-03fb3c3f4e66,1973-04-12,,999-89-7733,S99972947,X82409714X,Mr.,Wilburn655,,Goodwin327,,,M,white,nonhispanic,M,Great Barrington  Massachusetts  US,190 Becker Vale,Revere,Massachusetts,Suffolk County,25025,02151,42.41590473526903,-70.98351628691442,133886.33,697084.64,28811
655a5138-756a-96c7-5817-488df07b7be7,2015-04-05,,999-98-9596,,,,Clarita196,,Parisian75,,,,white,nonhispanic,F,Wayland  Massachusetts  US,172 Lubowitz Hollow Apt 64,Weymouth,Massachusetts,Norfolk County,25021,02188,42.189150660646746,-70.9536330656897,23981.45,2652.32,124477
8192ac22-0995-7d3a-1b59-ad21fa05d67a,1998-01-09,,999-67-4436,S99937538,X48737194X,Ms.,Kaci716,Candyce305,Pouros728,,,,white,hispanic,F,East Douglas  Massachusetts  US,131 Schaden Lodge Apt 44,Marblehead,Massachusetts,Essex County,25009,01945,42.49615957549727,-70.81242055365774,75915.33,230341.78,232022
6c336b6f-4647-45ef-a6a6-3441b20657e2,1969-07-20,,999-35-2808,S99973999,X20006864X,Mrs.,Jeniffer557,,Dooley940,,Ebert178,M,asian,nonhispanic,F,Haiphong  Kiến An  VN,638 Aufderhar Lodge,Boston,Massachusetts,Suffolk County,25025,02152,42.40451186925337,-70.9997155677631,47433.26,222977.63,867330
38cc48b8-cb44-1e20-32e8-5b7e5d4bae20,1964-05-26,,999-64-4805,S99929321,X72267423X,Mrs.,Cleotilde229,Kali995,McLaughlin530,,Rodriguez71,M,white,nonhispanic,F,Dedham  Massachusetts  US,481 Legros Junction,Stoneham,Massachusetts,Middlesex County,25017,02180,42.44363878608946,-71.13029745210538,18069.99,1095710.92,12730
aa377b5c-a450-4f4b-92ce-e7f26cee10da,1986-04-22,,999-26-9355,S99985609,X20945775X,Mr.,Bobby524,Dee580,Schuppe920,,,M,black,nonhispanic,M,Somerset  Massachusetts  US,113 Goyette Ville Apt 7,Springfield,Massachusetts,Hampden County,25013,01106,42.09494715783851,-72.478724694423,35296.94,0.00,41204
269dae0e-5e12-f290-fc7b-72f06ac733a2,2006-07-27,,999-61-8834,S99962388,,Ms.,Kenyetta225,Willette878,Beatty507,,,,white,nonhispanic,F,Marion  Massachusetts  US,986 Abbott Skyway Apt 56,Medford,Massachusetts,Middlesex County,25017,02145,42.43068532538313,-71.04668464836482,86592.90,0.00,42139
11a322cd-c96f-9aec-e8ca-559c636f977f,2012-02-12,,999-55-4076,,,,Magali989,Andree11,Hammes673,,,,black,nonhispanic,F,Worcester  Massachusetts  US,684 Powlowski Trace Suite 49,Boston,Massachusetts,Suffolk County,25025,02151,42.21282692464077,-71.14638766351086,23959.59,0.00,692387
f3aa70e2-d777-e5ba-288f-aa5469241c9d,1988-03-26,,999-15-3798,S99927043,X46509321X,Mrs.,Lavelle273,Malinda718,Hilll811,,Jenkins714,D,white,nonhispanic,F,Spencer  Massachusetts  US,245 Harber Estate,Dedham,Massachusetts,Norfolk County,25021,02026,42.24840539947318,-71.1874771148357,297054.30,805607.29,62760
fa8ebd26-039c-07a4-2810-447bb8e48f3e,1972-11-03,,999-66-5825,S99966620,X24206849X,Mrs.,Aimee901,Zoraida650,Hahn503,,Hackett68,M,white,nonhispanic,F,Boston  Massachusetts  US,569 Hermiston Gardens,Easthampton,Massachusetts,Hampshire County,25015,01027,42.27505870627505,-72.65824398277546,1025918.11,151479.43,36201
086267ff-6e39-78b5-c0a2-1b60509bcd0b,2012-09-01,,999-54-1684,,,,Jacquiline133,Rosalia943,Nicolas769,,,,white,nonhispanic,F,Lanesborough  Massachusetts  US,935 Pouros Harbor,Worcester,Massachusetts,Worcester County,25027,01605,42.30083865492186,-71.84607889391764,2605.87,141388.19,4053
2c9c8ffd-efa5-7893-7c99-cb682d6b28fc,1983-12-05,,999-45-9335,S99944062,X60803330X,Mr.,Parker433,,Anderson154,,,S,white,nonhispanic,M,Carlisle  Massachusetts  US,413 Denesik Ranch Unit 89,Amherst,Massachusetts,Hampshire County,,00000,42.39134422025848,-72.47487956093607,44093.62,17867.02,46339
4648829d-5074-bf90-1827-3b269e428b07,1984-06-24,,999-38-1204,S99946799,X36040281X,Mr.,Trent525,Enoch803,Tremblay80,,,M,white,nonhispanic,M,Waltham  Massachusetts  US,806 Trantow Forge,Tewksbury,Massachusetts,Middlesex County,,00000,42.569950313543664,-71.25030432311135,37861.06,870.89,61531
40bef2fb-ee47-4089-b99b-1c6bc43fe217,1975-05-08,,999-13-7935,S99930745,X84532092X,Mr.,Brock407,Refugio197,Hintz995,,,D,white,nonhispanic,M,Dartmouth  Massachusetts  US,229 Kuphal Lock Unit 87,Lincoln,Massachusetts,Middlesex County,,00000,42.414883301831296,-71.31369357168869,93188.76,98981.14,153761
beaac03f-cf1c-3505-9eae-d1dba7abfcf0,1924-12-17,1988-09-09,999-86-9551,S99922463,X8882479X,Mrs.,Anissa357,Melvina326,King743,,Hoppe518,M,white,nonhispanic,F,Montague  Massachusetts  US,228 Breitenberg Rest Apt 32,Franklin,Massachusetts,Norfolk County,25021,02038,42.06394260925686,-71.39527454359371,23717.25,1023991.02,18756
ecd26e97-b8db-9816-9345-5a1f5db14984,1924-12-17,1991-01-08,999-34-8181,S99999049,X58338829X,Ms.,Roberta529,Grace552,Mohr916,,,S,white,nonhispanic,F,New Bedford  Massachusetts  US,189 Crooks Corner Apt 55,Franklin,Massachusetts,Norfolk County,25021,02038,42.04098787324112,-71.43624289124747,14359.90,469163.41,18756
63464afa-15f9-0c7e-f70f-50b0437f2c5a,1924-12-17,2005-10-20,999-85-8147,S99938115,X18875683X,Mrs.,Jonna572,Rena430,Lang846,,Lockman863,M,white,nonhispanic,F,Ocean Grove  Massachusetts  US,334 Leannon Lane,Franklin,Massachusetts,Norfolk County,25021,02038,42.112915226039114,-71.45941001795084,24574.12,1249460.84,18756
3a95299b-cc07-06dd-6ec3-a4762608a16c,1924-12-17,2010-11-16,999-58-6418,S99942659,X36008917X,Mrs.,Samara159,Leah288,Toy286,,Padberg411,D,white,nonhispanic,F,Hingham  Massachusetts  US,738 Morar Highlands Suite 13,Franklin,Massachusetts,Norfolk County,25021,02038,42.03719094909743,-71.44005940733106,32436.92,2014683.66,18756
446beed7-5197-c2e7-1dee-140e3a1f9193,1924-12-17,,999-40-7835,S99921767,X72545638X,Mrs.,Oscar384,Blossom971,Murazik203,,Christiansen251,M,white,nonhispanic,F,Brockton  Massachusetts  US,895 Hauck Stravenue Unit 40,Franklin,Massachusetts,Norfolk County,25021,02038,42.04497916118458,-71.36962373268544,23088.43,650713.43,18756
