Id,ORGANIZATION,NAME,GENDER,SPECIALITY,ADDRESS,CITY,STATE,ZIP,LAT,LON,ENCOUNTERS,PROCEDURES
8d32509a-2844-3440-aac1-59efe106054b,74ab949d-17ac-3309-83a0-13b4405c66aa,Gabriel934 Reilly981,F,GENERAL PRACTICE,881 Main Street,Fitchburg,MA,01420,42.586487,-71.80521,160,0
42da2632-b452-3d44-833d-d671d1fb44af,ef5390b4-cba5-3d83-96db-af783a7adb43,Milan77 Anderson154,M,GENERAL PRACTICE,360 MERRIMACK ST,MALDEN,MA,021482329,42.4250964,-71.066163,1,0
85396306-24a4-31d9-9bfb-17e73f40e98e,77645e49-3f69-3d1d-bb93-dc65210e2fac,Jarvis643 Ankunding277,M,GENERAL PRACTICE,363 HIGHLAND AVE,FALL RIVER,MA,027205246,41.7093779,-71.1460783680883,175,0
a787f9b7-26af-3ea9-a25a-c9ebcd04f256,5becf220-2978-3f33-bd38-9326947f85de,Tijuana228 Leannon79,F,GENERAL PRACTICE,240 LYNNFIELD STREET,PEABODY,MA,019605055,42.5141736,-70.97106354209534,15,0
9f89eb4d-2cf7-36f8-b065-7b157af91ed5,ae88fd02-4911-3625-9e97-85b626ed3b0b,Cherrie404 Farrell962,F,GENERAL PRACTICE,476 VARNUM AVE,LOWELL,MA,018542122,42.6443795,-71.34721987550876,1,0
875cebd0-6ed2-30cf-b9e4-3fd2d799f46d,a58ec72a-cf43-3de5-88c1-de2fbec976a5,Blossom971 Bartoletti50,F,GENERAL PRACTICE,255 CENTRAL AVE,CHELSEA,MA,021503508,42.38804035,-71.02650270378646,1,0
edf0d455-f46c-3173-98a3-f78d0bde1ab0,ab701a70-a658-340e-8f69-ee196a7d40c6,Bud153 Parisian75,M,GENERAL PRACTICE,484 RTE 134,WORCESTER,MA,016071728,42.2625621,-71.8018877,1,0
50ca475f-09e6-3183-8488-9f09edf922ae,11ba6a26-59b4-3728-a268-6dc9929962b4,Archie818 McCullough561,M,GENERAL PRACTICE,200 GOVERNORS AVENUE,MEDFORD,MA,021551644,42.42711615,-71.1121606632448,17,0
8d29d629-4156-3be0-93d5-7cfe88bc96a5,39104cad-5228-3e07-9b3e-3ad736b33d5d,Chase54 Muller251,M,GENERAL PRACTICE,200 PROVIDENCE HWY,DEDHAM,MA,020261881,42.22214545274341,-71.18159060546684,34,0
1c1ddd10-c610-3689-9ab7-b3986e384521,5fcff9db-16e4-3e56-aa78-abbc16338097,Marcus77 Schamberger479,M,GENERAL PRACTICE,295 VARNUM AVE,WESTFORD,MA,018863513,42.5792583,-71.4378411,59,0
ebbce9cc-3032-37a6-ad80-58110cdb8b88,1ddd51d1-7297-3c3b-bad5-98aecd5e4a79,Derrick232 Kub800,M,GENERAL PRACTICE,127 CAMBRIDGE STREET  SUTIE #2B,BURLINGTON,MA,018033735,42.50188325,-71.19559351572005,18,0
7106ddc3-d4c4-34ed-97b7-61e2e30598d9,93c3d861-e05d-33b9-91eb-1768470229d7,Garret233 Thiel172,M,GENERAL PRACTICE,10 CENTENNIAL DR,PEABODY,MA,019607938,42.5261827,-70.9529896,73,0
02b96b5f-329e-3727-9f96-bc79252cf1c0,609ec9f1-e806-3427-b912-9e3b2915521d,Cherrie404 Conn188,F,GENERAL PRACTICE,575 BEECH STREET,HOLYOKE,MA,010406604,42.20105435,-72.628169560868,97,0
075a5bc3-b381-3cfc-9e9a-edfc6e7d67aa,bf556284-7513-3620-a10e-5393183a9a87,Tabatha105 Roob72,F,GENERAL PRACTICE,795 MIDDLE ST,FALL RIVER,MA,027211733,41.6924092,-71.16345107025307,101,0
a0951dfd-f7ec-379e-9745-65b945611c0e,4ffa4412-1493-3beb-b8f0-6614dde953a4,Sulema841 Ryan260,F,GENERAL PRACTICE,363 HIGHLAND AVENUE,WAREHAM,MA,025715011,41.745636,-70.658192,52,0
158873e1-6ad5-3918-9e3d-6cc41f2eab01,a14e698d-a9ba-3eae-9c8b-682ec726433d,Brian582 Cummerata161,M,GENERAL PRACTICE,776 WESTERN AVE,LYNN,MA,019052408,42.466763,-70.9494939,47,0
e41ac84e-924c-3fec-bb40-086aad616a30,d4b9a3f0-210d-3e46-a2c7-e099658ac543,Ferdinand55 Moen819,M,GENERAL PRACTICE,7000 GREAT MEADOW ROAD,DEDHAM,MA,020264090,42.266408549999994,-71.19518435636284,66,0
b5bc9718-1bf6-3add-9bd4-1139365887ea,5ba6765a-f335-36b0-9c6a-6bb494c5330d,Sasha806 Schamberger479,F,GENERAL PRACTICE,31 OLD ROUTE 7,WESTWOOD,MA,020902333,42.2139873,-71.2244987,6,0
0b928cfd-13c5-30a4-952b-72f5e14c37c9,b6eeaaf7-1683-3bcb-b6ee-81ce304636ef,Zachery872 Pagac496,M,GENERAL PRACTICE,170 GOVERNORS AVE,MELROSE,MA,021763225,42.4564323,-71.064182,151,0
d6928054-aa5c-3b29-8a0f-73b01cede017,de29a374-221b-3cb4-8051-a02c1a35e5b7,Morgan564 Marvin195,M,GENERAL PRACTICE,562 WASHINGTON ST,SOUTH ATTLEBORO,MA,027036942,41.912892049999996,-71.36135809627689,29,0
ac23a65d-c5ab-3186-aa1a-e7f67058b0dd,18061fd5-fda8-3e2d-87f0-0f3c87211bcc,Omer483 Koepp521,M,GENERAL PRACTICE,1493 CAMBRIDGE ST,SOMERVILLE,MA,021431408,42.3875968,-71.0994968,20,0
fafd6fa9-13b8-34d8-9093-fed2965d5f20,76281d34-caff-30e0-8545-bcdf33182109,Norma469 Sanabria449,F,GENERAL PRACTICE,500 WILBUR AVENUE,SOMERSET,MA,027252051,41.72075205,-71.16843052114558,2,0
892d751b-cb02-3690-98f9-5855887260eb,a36dcb53-a762-38d4-ae84-40f46195a6dd,Virgina372 Reilly981,F,GENERAL PRACTICE,260 EASTHAMPTON ROAD,HOLYOKE,MA,010401213,42.226424,-72.646798,2,0
7281b11c-c957-3dc9-a220-722c9a21a5ab,06f1d816-dd54-3409-bd94-8dc2745f807c,Yulanda554 Hand679,F,GENERAL PRACTICE,12 KENT WAY  SUITE 210,BYFIELD,MA,019221221,42.75468625,-70.9451078257969,4,0
349eeb51-6d5e-3651-8224-7f6a22564261,fe30f2b4-9bc8-346e-afba-4455d1766545,Georgetta870 Turner526,F,GENERAL PRACTICE,17 LAFAYETTE AVENUE,CHELSEA,MA,021502010,42.40019115,-71.03050082480353,9,0
7fc3c736-8e02-364d-a0cf-d2824bb9949a,0fedae9f-701f-3317-9b2f-69aea2202cdc,Sharron285 Batz141,F,GENERAL PRACTICE,88 EAST NEWTON STREET,WINTHROP,MA,021522715,42.3750976,-70.982827,272,0
d6e069a1-1f10-3db4-a7d9-3f4ceb7a0a29,ccb716b1-277f-3eff-999f-3ac0df45713a,Mahalia897 Boehm581,F,GENERAL PRACTICE,25 LAFAYETTE ST,MARBLEHEAD,MA,019451939,42.4938348,-70.87382362834484,1,0
cfda6d0f-0c28-3f50-ae7e-171b7333c4e3,86bbc3aa-e927-3d56-9d77-ab701b4b2926,Tynisha348 Howe413,F,GENERAL PRACTICE,538 ROBESON STREET,FALL RIVER,MA,027205496,41.707225,-71.1432141111111,8,0
244055e0-08d1-3bd2-9e9d-cda820b8a709,7a3b8310-02eb-3c47-aa1b-3f55b3ed9de9,Leif534 Dare640,M,GENERAL PRACTICE,6 HATFIELD ST,NORTHAMPTON,MA,010602545,42.333172950000005,-72.6566355591273,105,0
dc9855a8-8db1-3d55-920c-431e9dc9c053,440fa4b8-c731-3cf5-81d9-aa3f30a37b95,Bennie663 Abbott774,M,GENERAL PRACTICE,41 & 45 MALL ROAD,PEABODY,MA,019602901,42.5278731,-70.9286609,177,0
e1aa7b3b-ea02-3ade-b757-6d2ee3d1c23f,0fab3c4e-a028-39a6-b15a-be5a88b6aa2a,Miyoko154 Paucek755,F,GENERAL PRACTICE,222 STATE STREET,LUDLOW,MA,010563437,42.15547415,-72.47222226666076,24,0
30f202c7-d0f5-33ca-9df6-69e7646cf052,3b021cb6-4745-3d9d-8436-230055f770bd,Dusty207 Franecki195,M,GENERAL PRACTICE,148 CHESTNUT ST,NEEDHAM,MA,024943238,42.27728075,-71.23665362814043,72,0
7717172d-3a12-35fe-b11c-374aebcfa831,34f0b10a-5e29-31de-a75e-e0bb03c0c0d4,Heath320 Leuschke194,M,GENERAL PRACTICE,56 COLPITTS RD,WESTON,MA,024931568,42.36610065,-71.3036759,55,0
42be35d2-8688-3dea-b007-eeeab3a8706d,00ffb204-07b4-3c72-a678-fa252e6cf86c,Kathlene786 Satterfield305,F,GENERAL PRACTICE,450 BEDFORD ST,LEXINGTON,MA,02420,42.47370735,-71.25090005,44,0
08de24ae-bfdd-3a5e-9d91-4b50bce42ddc,ad82d624-72eb-3c7d-a76d-79f2668d1390,Georgianne697 Howe413,F,GENERAL PRACTICE,3 WOODLAND RD,STONEHAM,MA,021801711,42.452443099999996,-71.08939988105112,77,0
2b3ab230-9106-3268-9739-60e28d974da7,b8421363-9807-3b16-a146-95336eea5cfb,Cleveland582 Kuphal363,M,GENERAL PRACTICE,30 LOCUST ST,NORTHAMPTON,MA,010602052,42.33032115,-72.65330802608176,438,0
6fb9ff05-180e-349e-a89d-f1664e8a1875,8424b5ec-ba0a-32e9-94ae-a9d397884093,Ileen763 Casper496,F,GENERAL PRACTICE,49 BLANCHARD STREET  SUITE 101,LAWRENCE,MA,018431456,42.69651155,-71.1612176954981,5,0
c0854121-65b6-3129-8558-8682e2ed80cd,fbd4ccdf-2fdb-3652-9bbe-1ccff886bd34,Tana168 Collins926,F,GENERAL PRACTICE,320 CENTRAL STREET  UNIT A2,SAUGUS,MA,019062372,42.4632069,-71.0093761,3,0
af68b24e-d92e-3ce5-88d6-43aeb328a675,6170552c-4d27-3e64-8068-64a380f1837d,Leo278 Pacocha935,M,GENERAL PRACTICE,76 SUMMER ST,HAVERHILL,MA,018305814,42.7786873,-71.07306505177553,127,0
41beda17-109e-3471-bfe8-d935af968aad,e6cc6043-299a-3581-8f6b-b3b5d62c46ae,Teresa94 Tapia475,F,GENERAL PRACTICE,532 SUMNER AVE,SPRINGFIELD,MA,011082458,42.08631583333334,-72.55792579166666,34,0
caf0ed5f-2657-3207-bcf5-1281bb7e03cd,2f735290-1603-31b5-b561-7c8e0d413170,Amado512 Adams676,M,GENERAL PRACTICE,100 FOXBOROUGH BLVD STE 230,FOXBOROUGH,MA,020352878,42.041851949999995,-71.23486657070565,40,0
874f09fa-8c91-3a9d-9751-09898871cb4e,e1818b21-4458-3b9c-b2b8-7ed6f57ae078,María Soledad68 Rosas160,F,GENERAL PRACTICE,2399 BOSTON ROAD,WILBRAHAM,MA,010951185,42.14668485,-72.45048427046072,2,0
e71d5f7a-0134-38a2-9e1a-8c95772d8d2e,5018c664-e283-30eb-932a-529d9a19b3b5,Numbers230 Stehr398,M,GENERAL PRACTICE,300 SOUTH ST,WOBURN,MA,018014979,42.473347,-71.144086,163,0
ff0fca43-5077-311f-a074-2296b42c88e1,2e8b42f8-4300-30a9-a576-d513d1021a0a,Beverlee316 Haag279,F,GENERAL PRACTICE,600 CLARK RD,TEWKSBURY,MA,018761699,42.63120935,-71.27023603178071,35,0
ddcbedb6-210b-3d77-9c92-eda11fde1001,d4e48a16-0a60-3e90-81e5-c35b22ffe6af,Elmer371 Kutch271,F,GENERAL PRACTICE,856 STATE RD,NORTH ADAMS,MA,012473027,42.69967208677275,-73.16330754755236,1,0
58cc2bae-96e9-329b-891e-0d79a2267290,63cb4d95-04a9-3a35-b5d9-f89e0377a48d,Thanh759 Weber641,M,GENERAL PRACTICE,211 PARK ST,ATTLEBORO,MA,027033143,41.9419187,-71.2752081695297,188,0
9b9bdee6-f9ee-34dc-99a0-66437e976778,a6fb79e7-4abb-3a68-b62d-e501427fdca4,Ricky354 Renner328,M,GENERAL PRACTICE,489 WASHINGTON ST STE 202,AUBURN,MA,015015709,42.187836,-71.83104,27,0
9aaa9f1c-63ce-3416-a950-ab8c405add4e,9d0e702d-50a0-3f4c-9126-0951d560fd4b,Hellen346 Roberts511,F,GENERAL PRACTICE,189 MAY ST,WORCESTER,MA,016024339,42.25986305,-71.83597786023279,23,0
85356957-9ec6-37b2-aa2f-f1693e1704ee,c7542447-e06e-32cb-b6db-243c23a0dbc2,Carson894 Krajcik437,M,GENERAL PRACTICE,30 WARREN ST,BOSTON,MA,021353602,42.3501483,-71.14393324457691,23,0
84c9f1a6-1080-3745-81d7-4d814e2e6050,6dafa732-cdaa-37ab-a33c-b14878e841d7,Taylor21 Howe413,M,GENERAL PRACTICE,400 BROOKSBY VILLAGE DRIVE,PEABODY,MA,019601488,42.55186794282506,-70.97276672693852,14,0
83d7b675-3cf9-3648-b37e-0b996016eb23,065eba51-cef7-3976-8654-ba8e7df887ce,Lyndon118 Block661,M,GENERAL PRACTICE,1165 NORTH PLEASANT STREET,AMHERST,MA,01002,42.40927615,-72.52971238527101,2,0
b2316711-4035-3063-9647-0590226ad697,f8918a95-31e8-3ac4-8d12-29ca6080ebda,Rudolf736 Vandervort697,M,GENERAL PRACTICE,199 REEDSDALE RD,MILTON,MA,021863926,42.251368299999996,-71.0768393856917,58,0
8387c121-f9af-3e43-bf38-6719210286d3,8d5880eb-1dd8-31ea-b7c5-21709f3bb341,Jared66 Satterfield305,M,GENERAL PRACTICE,50 ROWE ST,MELROSE,MA,021763201,42.4592093,-71.06078096379728,26,0
735f39bc-734b-3a73-a4ac-a2c705faaba9,9cfdd210-a2ed-34d6-9381-2f5d999011ca,Edith654 Beier427,F,GENERAL PRACTICE,21 HIGHLAND AVE,NEWBURYPORT,MA,019503873,42.814341671166744,-70.88998002772408,17,0
1e7e6183-8666-3962-99a3-2f0f98b9df7e,a6964d47-8af0-3df2-b99d-d8414eb1cfa3,Reggie481 Schiller186,M,GENERAL PRACTICE,200 MAY ST,SOUTH ATTLEBORO,MA,027035520,41.924394750000005,-71.36076410900014,932,0
040a81ad-3aa2-3259-b240-8aeeb93b586e,004554b4-3068-3938-832d-fa7cbe1cd1fb,Lacy523 Littel644,M,GENERAL PRACTICE,25 STONEHAVEN DRIVE,WEYMOUTH,MA,021903951,42.1589443,-70.94970431672323,1,0
9d0126c9-220f-3d4f-a620-fd927a0b3c99,a7b047dd-186a-32de-8187-b0853c05aed6,Melida518 Mayert710,F,GENERAL PRACTICE,180 LOW STREET,NEWBURYPORT,MA,019503519,42.815683050000004,-70.89666045994463,4,0
53d71ca5-a7f5-3fec-b662-9bf039662836,6d947ed4-9b7f-3720-8141-67109691d2e7,Kim439 Eichmann909,M,GENERAL PRACTICE,73 Eagle Street,Pittsfield,MA,01201,42.451427,-73.25195,3,0
4d7bebb9-f59b-32a1-94ca-b94bd283d0ee,dac75bc1-cbfa-306b-9a0a-88d5edf3638d,Addie421 Ebert178,F,GENERAL PRACTICE,170 COREY ROAD,BRIGHTON,MA,021358244,42.3433093,-71.14003855124017,4,0
07dd939e-d4c5-3c9a-87ba-929d9f41f83a,371948e4-733a-33b6-a835-68abefdeb59f,Roxanna261 Gleichner915,F,GENERAL PRACTICE,197 ADAMS RD,WILLIAMSTOWN,MA,012672930,42.704126099999996,-73.19043030392987,28,0
9c3d42db-225e-35cd-9c90-18b7ddbc4cd1,92d919ab-8380-3fda-a5f1-838e69b819c1,Velda682 Gutmann970,F,GENERAL PRACTICE,300 TRADECENTER STE 4750,WOBURN,MA,018017420,42.4994143,-71.161659,44,0
cbb231e7-c28c-36b1-8f5a-0e5fa0a156cf,af3871c3-2098-3051-bcb7-8a919e194a16,Elsa29 Hernádez343,F,GENERAL PRACTICE,97 LIBBEY PKWY,WEYMOUTH,MA,021893110,42.19322885,-70.94589987654936,19,0
577f859f-79ff-353d-8054-823676f97661,a2cc09de-c1e2-3126-8c09-d49f95225281,Darnell564 Leannon79,M,GENERAL PRACTICE,300 LONGWOOD AVE,WALTHAM,MA,024532741,42.3756401,-71.2358004,54,0
502b4fab-6395-365c-a7b7-9c235c5ecd4a,9f2f60a6-87a4-3f45-b753-b63b5b7e9993,Raul814 Considine820,M,GENERAL PRACTICE,332 HANOVER STREET,BOSTON,MA,021131901,42.3647421,-71.0536619,105,0
e2e6ab1e-8746-3a38-bffc-dc394acdf68b,44cb1162-a345-3477-8723-c202a3c8cdcd,Jamey282 Graham902,M,GENERAL PRACTICE,73 W MAIN ST,HOPKINTON,MA,017481619,42.21799145,-71.54005509979045,56,0
bcf66c40-a411-38cc-8ea1-7575b57edf78,0519b293-2e92-3eb3-aeef-233da0babc93,Juan88 Friesen796,M,GENERAL PRACTICE,40 PARKHURST ROAD,CHELMSFORD,MA,018241511,42.6198215,-71.36189212971482,3,0
848c3a7f-415c-3814-8bbc-de3d2a9b8e42,06cc2462-430f-3322-9c87-7e971125f510,Kai187 Mann644,F,GENERAL PRACTICE,133 OLD ROAD TO 9 ACRE COR,WESTFORD,MA,018863198,42.5792583,-71.4378411,216,0
c0809aaf-6db7-350b-9d24-ea11f9bca4c8,ee7fab6f-6438-394f-b1f2-3e452f8f055a,Domonique463 Satterfield305,F,GENERAL PRACTICE,75 BRIMBAL AVENUE,BEVERLY,MA,019156009,42.570099299999995,-70.87108224250409,4,0
d7401e2d-e1e4-30e4-8f8d-72fbb6387fb6,79508e39-d0b0-3613-9d54-168f6e1c3a18,Lynwood354 Tromp100,M,GENERAL PRACTICE,200 GROTON ROAD,GROTON,MA,014502056,42.577352149999996,-71.57414587343038,35,0
88a61db7-ba03-3246-9969-5b41124629f9,10ffe7b1-2f94-3f12-9288-679da05a1ec9,Odessa199 Hintz995,F,GENERAL PRACTICE,133 LITTLETON RD,WESTFORD,MA,01886,42.57056335,-71.41736646422413,25,0
34ce9b60-b439-3880-b344-5b6f73b2d7d1,4fa643ae-1f58-3c2e-9f33-0ba56345ad10,Sharyl439 Williamson769,F,GENERAL PRACTICE,361 MAIN ST,WAREHAM,MA,025712153,41.761384899999996,-70.71911431737183,50,0
532ce51c-251e-3fd1-b9da-f33ea8bec6a1,e6d63525-40f0-3391-a58a-e6a03598911f,Javier97 Mota271,M,GENERAL PRACTICE,400 STANLEY ST,FALL RIVER,MA,027206009,41.7148511,-71.13527009152534,63,0
10012669-42f0-3a57-a45c-6d24131d1c63,fb4a08b8-57ee-382b-b3cb-43d94f1bb4c0,Jude172 Hammes673,M,GENERAL PRACTICE,1010 SOUTH MAIN STREET,FALL RIVER,MA,027242855,41.690775450000004,-71.16515282264554,34,0
06c075c2-c733-3de3-a271-a0e2d5889ba4,d0894f6b-78d7-338d-82ad-b63de4d40014,Lynsey2 Lemke654,F,GENERAL PRACTICE,330 MOUNT AUBURN STREET,WALTHAM,MA,02452,42.3756401,-71.2358004,140,0
9ea3eefd-f8af-3db9-ad04-3ee5c98ae6f5,3d5fbf38-c781-3e04-8c7e-5a402611b7d4,Rebeca548 Padrón382,F,GENERAL PRACTICE,260 ELM ST,SOMERVILLE,MA,021442951,42.3955992,-71.1227391,53,0
b386966a-fd09-308f-9f00-e0b8f610002a,d6b03647-983f-3162-af9e-b12aea026f13,Son314 MacGyver246,M,GENERAL PRACTICE,65 NEWBURYPORT TPKE,NEWBURY,MA,019501199,42.7891081,-70.87774011339009,40,0
c81d59a0-d99e-3cd3-9751-bab008d1177e,f43f97f2-af04-3ed0-a42e-3681718cc9b2,Dorcas534 Quigley282,F,GENERAL PRACTICE,725 NORTH ST,PITTSFIELD,MA,012014109,42.4600752,-73.2492795834909,3,0
388f1596-7324-3274-bef7-63b2572cea34,326bc5bc-8da8-3337-a76a-7d44202dae3d,Charley358 Hermiston71,M,GENERAL PRACTICE,184 SWANTON ST,WINCHESTER,MA,018901921,42.4606573,-71.13806547771736,1,0
3e8b32e2-65e8-35a7-8875-40884225fec8,94ac48ba-e215-3ab9-ba88-a0b926d29cef,Nerissa37 Hahn503,F,GENERAL PRACTICE,300 WINTHROP STREET,MEDFORD,MA,021552311,42.421527,-71.11834,1,0
3d9c3863-7d26-30c8-873f-9696ce46b223,0334ad53-5d57-384e-a411-63b075139c06,Stephen891 Stamm704,F,GENERAL PRACTICE,66 CENTRAL STREET,EAST BRIDGEWATER,MA,023331913,42.03160525,-70.9572577506426,3,0
189d2fe6-46aa-33c9-bb41-470a12f8fa6f,f438b8e0-d856-328a-b193-2b014fc4cb97,Tyron580 Reinger292,M,GENERAL PRACTICE,981 VARNUM AVENUE,LOWELL,MA,018541913,42.64591185,-71.36487149058269,15,0
96cc72ee-77dd-3761-8730-4c299882ecca,936ceb96-2b12-371f-aa68-ee02a9c06f4c,Eddie505 Keeling57,F,GENERAL PRACTICE,225 BOSTON ST,LYNN,MA,019043124,42.470497449999996,-70.96003668151566,87,0
91bef0bf-6e8b-341c-b239-24e37276b1b8,335fe080-43f9-3219-84bd-031c4fcfe9d5,Nikki942 Hilll811,F,GENERAL PRACTICE,146 PARK AVE,ARLINGTON,MA,024765829,42.421350950000004,-71.18224816367342,1,0
70689406-5000-3e58-982b-fb96061540ac,7b7ce654-a413-37d1-9d34-97240c0ac580,Liberty95 Kihn564,F,GENERAL PRACTICE,1 WRENTHAM ST,BELLINGHAM,MA,020192532,42.025037350000005,-71.48945118224057,62,0
0b2a0214-9dfa-31d5-935b-0ef3b5ed00ca,df852cb2-9fe0-3c90-87ac-46e5f980ee3b,Ricardo560 Olvera69,M,GENERAL PRACTICE,3 PATTERSON ROAD  SUITE 3,SHIRLEY,MA,014642907,42.552462649999995,-71.62383665745185,1,0
a26f5244-2b22-3d1b-ab3c-b37081f40ea8,3e97ce4f-3ad7-3cea-883f-e2bb4ca89d83,Fidel864 Swift555,M,GENERAL PRACTICE,30 NEW CROSSING RD,READING,MA,018673270,42.51809619399502,-71.0959083715027,3,0
1c3ef911-ca37-304d-8edf-40e8478ec35a,c0132cf6-1703-3aad-89b4-cc2f2bbc123e,Neville893 Schoen8,M,GENERAL PRACTICE,66 NEWTON STREET,WALTHAM,MA,024536058,42.3746705,-71.22789736306842,1,0
8594683a-0f79-3acf-aeff-bd86723c1ca7,4f59f709-8b84-3d27-a04b-c6b7b5544413,Mario764 Aranda843,M,GENERAL PRACTICE,70 BOLTWOOD WALK,AMHERST,MA,010022271,42.3768779,-72.51840280783739,42,0
4a95779c-c58b-30c9-a608-d5229bbd4258,552ede7f-2ba4-39ef-9217-29d27b89b8a7,Shameka870 Reichert620,F,GENERAL PRACTICE,87 SHATTUCK STREET,HAVERHILL,MA,018302319,42.796917699999995,-71.05216081525802,13,0
fab8ee36-fe8b-31ad-8f13-5536087eb358,a079d416-e8fe-3286-8ef3-6d289d7b5ad9,Nan75 Collins926,F,GENERAL PRACTICE,233 Stevens St,Hyannis,MA,02601,41.651745,-70.294235,796,0
4895ad70-af53-31ce-acdd-cb184451eb27,680532c8-2661-3b39-875a-b6ec0746ccf5,Buford910 Dach178,M,GENERAL PRACTICE,30 ATHOL ST,ALLSTON,MA,021341124,42.36075595,-71.13397379082869,3,0
ccbb6769-67dc-350d-9fa2-ec2a39db7151,2836d9ac-c6a6-39d1-8f13-fdf0fc8928f4,Alysha630 Koch169,F,GENERAL PRACTICE,365 EAST ST,TEWKSBURY,MA,018761950,42.6069472,-71.2180803,42,0
360c29b4-42f3-35a2-a307-6424732ab249,82c72223-f521-3a34-9b9b-4ff366365399,Margaret865 Reinger292,F,GENERAL PRACTICE,2100 DORCHESTER AVENUE,QUINCY,MA,021691870,42.2509914,-71.0037374,5,0
4821a85c-2835-3f14-b1ea-e32d21d0ca09,e2eab39c-5195-34aa-b35f-e89e37cfed01,Miguel815 Roberts511,M,GENERAL PRACTICE,55 FOGG ROAD,WEYMOUTH,MA,021893141,42.175539799999996,-70.9539153674405,130,0
b096a233-cdab-3728-a6e3-8ad7d1f76421,a977feef-f585-3fa8-8deb-7e60fc2cab30,Kimbra238 Schulist381,F,GENERAL PRACTICE,2314 MAIN STREET,TEWKSBURY,MA,018763128,42.58023655,-71.19367180835906,3,0
faa069dc-d001-3550-a350-e1cd22a5af53,1de7e7d9-9a7a-3a3f-bf4c-b4de450711f2,Vince741 Morissette863,M,GENERAL PRACTICE,198 LITTLETON RD,WESTFORD,MA,018863429,42.564282,-71.42620615382347,1,0
4a623209-4e2e-3cf3-bf78-f8511f427ac9,df3f566c-97e5-31ed-b0fe-4b452666f736,Mckinley734 Rodriguez71,M,GENERAL PRACTICE,300 CHESTNUT ST,NEEDHAM,MA,024922477,42.27522125,-71.23743483674366,71,0
95e71205-f63b-3e56-adf3-99bc2c9f4550,4705a8fd-19cd-32c1-8b3e-34bcfe84d0bd,Jimmie93 Mayert710,M,GENERAL PRACTICE,55 N WASHINGTON ST,NORTH ATTLEBORO,MA,027601607,41.983529,-71.332241,151,0
c0ee3b0e-90d8-30f2-bc56-bbd3cda3ab31,497f39dd-280e-3d58-af5b-c5e3a3a09b10,Randy380 Bergstrom287,F,GENERAL PRACTICE,27 PARK ST,HYANNIS,MA,026015230,41.65363635,-70.27352219234834,20,0
9cabaf43-f081-392d-a72e-b8905e059f4f,578b56de-fe9c-32e1-aea4-876f8bc01e9c,Ollie731 Dooley940,M,GENERAL PRACTICE,49 HILLSIDE STREET,FALL RIVER,MA,027205211,41.707406500000005,-71.14593659462452,15,0
e68daf11-1de0-30bc-b849-3c08716f0d55,accb8cdd-6560-3fef-b0a6-f12c3295026a,Kerrie266 Bergstrom287,F,GENERAL PRACTICE,969 PARK STREET,ATTLEBORO,MA,027035115,41.9266899,-71.2611303145582,5,0
e366319b-0e59-3199-91d0-e635ccfa6ef2,18a96051-91f4-3cba-af96-056ea14dfee0,Gaston250 Grimes165,M,GENERAL PRACTICE,25 HIGHLAND AVENUE,NEWBURYPORT,MA,019503872,42.81369325,-70.89091645747592,260,0
132c5953-a5ea-30e0-9f6c-a11477a7a482,c2e93fb4-abf2-3210-b6ec-4d1ecb2b76f0,Kyle55 Halvorson124,M,GENERAL PRACTICE,62 BROWN ST,HAVERHILL,MA,01830,42.76512700000001,-71.04617174286321,40,0
9e56d78d-b177-344f-bcc9-104481248f26,1ab2b5f9-cb95-3236-beec-9b9d4a407c61,Carroll471 Eichmann909,M,GENERAL PRACTICE,725 NORTH ST,PITTSFIELD,MA,012014109,42.4600752,-73.2492795834909,37,0
87810ff8-33d1-3a64-9780-4c40f3f0043c,f00601d0-d49e-30ed-bc3e-314379f2103e,Elijah719 White193,M,GENERAL PRACTICE,490 MAIN ST,MELROSE,MA,021763841,42.4550741,-71.0654799,28,0
f3385cfe-40fe-3458-afb4-7a2c409eda1b,b44955d1-f0e2-3beb-a013-708a81dbe430,Ernest565 Runte676,M,GENERAL PRACTICE,680 CENTRE ST,WEST BRIDGEWATER,MA,023791600,42.0219112,-71.019004,39,0
2ddb6b34-f6fb-3702-9e0e-19bfa8c8fb18,363631be-d437-3548-98c2-d10b909c1721,Monty345 Ferry570,M,GENERAL PRACTICE,50 MANSION DRIVE,ROWLEY,MA,019691026,42.73718535100735,-70.88053187301136,14,0
c47bb70b-cfd0-359a-a0dc-902088375092,c1986c0c-f756-3596-8f90-08adacf220fe,Dong972 Auer97,M,GENERAL PRACTICE,73 CHESTNUT STREET,SAUGUS,MA,019061605,42.4573919,-70.9918055,9,0
be005347-bac0-354c-a0e4-1fbc1a01cfaf,ad2dab07-4f85-3950-baaa-7c7cd2aa770c,Gertrud593 Kuhic920,F,GENERAL PRACTICE,55 LAKE AVENUE NORTH,WORCESTER,MA,016550002,42.2774799,-71.76166994969458,15,0
5fafab99-955e-3fba-bd7e-acc20a78b2d7,18b1bb7e-2f93-3253-a7ae-d19c13ffeaa1,Derick144 Bashirian201,M,GENERAL PRACTICE,29 E 29TH ST,WEST NEWBURY,MA,019854201,42.8014795,-70.989778,80,0
2a858bff-126f-3157-9aa9-0c2484a0059f,67d2f85b-ddc7-3ed0-b90b-6fa5b7b8358a,Norah104 Jenkins714,F,GENERAL PRACTICE,43 FOUNDRY AVE,WALTHAM,MA,024538313,42.37050535,-71.21908334877376,30,0
61cb4840-c2de-3839-9097-aac87ca99c38,a69c3469-9552-3474-9928-20350c16191b,Hugo693 Salazar800,M,GENERAL PRACTICE,64 PERFORMANCE DR.,WEYMOUTH,MA,021893104,42.196492899999996,-70.94257445685295,1,0
03fce5f8-15ec-3288-9fb6-5c593ecd81d1,1853aeef-5897-326a-80d6-aa4b0459eb6d,Kendra609 Kassulke119,F,GENERAL PRACTICE,381 WICKENDEN ST,ATTLEBORO,MA,027032247,41.9438129,-71.2806515,5,0
735a796f-86e0-3804-9839-b4433e97220f,4b7e26e6-e5b1-38c9-b4ac-fde9a0f93177,Maggie320 Eichmann909,F,GENERAL PRACTICE,38 BROAD STREET,QUINCY,MA,021694604,42.2560352,-70.99469254391217,16,0
e173ff88-7662-3f48-941f-7e61bd4ff31e,01bb7b5c-f850-3c4e-a3f1-442d8273559a,Dennis979 Effertz744,F,GENERAL PRACTICE,395 PLEASANT ST,NORTHAMPTON,MA,010603914,42.3150543,-72.62555561349089,51,0
5d65aeb3-78d0-3cdf-905e-dc8710836d8e,2ca615f3-87f7-3283-a447-d919a883b676,Isaias604 Dickinson688,M,GENERAL PRACTICE,1399 WASHINGTON ST,HANOVER,MA,023391653,42.1441354,-70.8440854,5,0
fddc63fd-046a-333f-af55-49b4428be968,6e517750-a29e-3170-a02b-5733ff523458,Levi940 Abbott774,M,GENERAL PRACTICE,101 BARRY RD,WORCESTER,MA,016091275,42.3030701,-71.8333408960994,22,0
0fd4843d-0804-3027-a545-6ee9871afd83,0be0e035-8dad-387e-bbdd-a5a469c4311f,Deane47 Howe413,F,GENERAL PRACTICE,480 MAPLE ST,DANVERS,MA,019234065,42.584178050000006,-70.97197467750539,57,0
fd5b5663-ee2a-351e-a744-cd9022a42ab2,9fdce5d5-d4d0-3156-a8d5-8757bfe4e9b3,Pamelia915 Kilback373,F,GENERAL PRACTICE,1 FARMER CIR,ARLINGTON,MA,024742866,42.42405225,-71.16792616556859,79,0
0d435eda-ddad-369b-837e-8123a874e233,125eccb3-d003-34ea-9bd8-360dff059782,Rolande819 Gerlach374,F,GENERAL PRACTICE,125 PARKER HILL AVENUE,DEDHAM,MA,020266146,42.2489143,-71.1755732,188,0
e3c817c0-d42c-3575-993a-22a32b61b06f,b242f971-3c74-3778-b148-81366c1e6a3f,Leland44 Bernier607,M,GENERAL PRACTICE,10 CAREMATRIX DR,DEDHAM,MA,020266149,42.2270762,-71.17237295563174,17,0
cc0a4418-fbc3-31a5-8b27-f5c684a9b4d6,aad05540-c9cb-3805-b3c4-f9b9d9b42b2e,Quentin28 Fritsch593,M,GENERAL PRACTICE,821 E MAIN ST STE 3,CHICOPEE,MA,010206306,42.155774795300516,-72.55672263289513,8,0
12d9c0e2-01dc-3592-8075-1ce2f8f5719d,1aa9084e-2b86-3d6e-93ab-dbe6d4dda601,Casey401 Schultz619,M,GENERAL PRACTICE,100 OLD BILLERICA RD,BEDFORD,MA,017301267,42.499905749999996,-71.25668964877971,1,0
8f4b687c-7466-3d60-b6fc-a313369440b4,19a3afba-b409-3650-a0ab-f3faf6e391ef,Patrina117 Strosin214,F,GENERAL PRACTICE,199 REEDSDALE RD,WALTHAM,MA,024511433,42.3756401,-71.2358004,111,0
82a921c3-7aad-3ef1-bc6a-7eee2c0fd2b3,25c85bcc-7e25-36bc-89e8-08e0d473db23,Stephen891 Okuneva707,M,GENERAL PRACTICE,138 S MAIN ST STE 14,MILFORD,MA,017573272,42.1270746,-71.51639128815474,298,0
34922409-94c7-325c-bf31-779939af18f5,d9b71ccf-6649-3555-9e99-44eac0af257f,Darlene91 Collier206,F,GENERAL PRACTICE,655 DEDHAM ST,WRENTHAM,MA,020931135,42.084901,-71.30689224201797,75,0
2645bbdc-bfea-3bf2-95d1-41cb70b2ebbe,2fb77691-5353-358a-bc94-90af77dd654b,Sasha806 D'Amore443,F,GENERAL PRACTICE,200 GROTON RD,AYER,MA,014321168,42.577352149999996,-71.57414587343038,4,0
763a9acb-f3ea-34d4-9ea9-89516aa226e4,1cec4304-9757-3a10-ad4f-7e2090c56131,Theo630 Rohan584,M,GENERAL PRACTICE,55 LAKE AVE N,WORCESTER,MA,016550002,42.2774799,-71.76166994969458,10,0
15056951-99d4-30f0-a71f-8f09a47a5f14,ad482681-b4c4-3fce-ac59-78c83d31b0ba,Jeanie708 Turner526,F,GENERAL PRACTICE,130 CHESTNUT ST,FRANKLIN,MA,020383903,42.08345955,-71.38413379825735,4,0
6d9e72a5-83a7-3b4b-990f-6f0b0cfd548e,471f7ca2-38f8-3080-8109-187c73ec0b1f,Collin529 Johnson679,M,GENERAL PRACTICE,27 CONGRESS ST,SALEM,MA,019707308,42.518722068313224,-70.88940635956651,32,0
7a6acf01-7c16-3ed8-b664-612dc971cb6a,5581e43d-0463-3a0b-afc7-a60aea5ac96c,Alfonso758 Nava670,M,GENERAL PRACTICE,57 RIVER RD,ANDOVER,MA,018101144,42.69112645,-71.19636086287642,28,0
9aebe0b6-e679-3238-a7ad-e5d20420036a,9485907a-9f9c-3c19-a424-b402ee8f99c2,Sara501 Estrada938,F,GENERAL PRACTICE,101 PLANTATION STREET,WORCESTER,MA,016043025,42.258026400000006,-71.78384882397785,2,0
4fc19f0d-e088-3d56-82bd-35409deeba75,be8fdb3e-0f3e-3b1b-a35a-795d9800f060,Christena299 Smith67,F,GENERAL PRACTICE,29 NEWBRIDGE WAY,DEDHAM,MA,020267011,42.26368805,-71.2021309784077,19,0
330df5aa-48e5-3c3e-a4bf-77ee6a296c04,966245ce-e84d-36b0-a838-2e0b5bb2e668,Pei116 Crooks415,F,GENERAL PRACTICE,1425 BLUE HILL AVENUE,MATTAPAN,MA,021262122,42.2754929,-71.09384131587021,12,0
67b1afa3-cbff-316b-9918-b97a0a95e398,845fbd9b-2d1c-39a8-8261-28ae40e4fab2,Bennett146 Rippin620,M,GENERAL PRACTICE,14 PROSPECT STREET,UPTON,MA,015681431,42.1700209025178,-71.59409308099494,524,0
f1b86a25-e93d-3b16-988a-c5fc6aebb448,bac9dc0c-cb0f-3fa6-aa12-819dd0fb922a,Floy720 Greenfelder433,F,GENERAL PRACTICE,1493 CAMBRIDGE ST,SOMERVILLE,MA,021452935,42.3875968,-71.0994968,18,0
176195e7-8d68-3982-9ddc-0bed20dd394c,84d5768f-3a21-3da9-aad2-bbf7a3ae2700,Hank686 Schneider199,M,GENERAL PRACTICE,817 MERRIMACK ST,LOWELL,MA,018543548,42.650296999999995,-71.32263756223612,67,0
5dab5d06-7712-3708-a7fa-0cc05e84c4db,9ce6072b-d039-3cde-8eaf-950211b8ae88,Saul605 Ratke343,M,GENERAL PRACTICE,147 S MAIN ST,MIDDLETON,MA,019492446,42.585787222720036,-71.00861442427218,14,0
22d19a9b-e1d3-377f-a0fe-455cdd63850f,af8566eb-8918-3ec7-ba44-92b6a2cf8097,Madelaine318 Walker122,F,GENERAL PRACTICE,81 HIGHLAND AVE,SALEM,MA,019702714,42.5112107,-70.90516241826194,83,0
073703a1-850a-35e7-8f40-bcffc6d8715d,d4a03501-69f6-3a89-ac27-ed25976fdb6f,Virgen207 Hyatt152,F,GENERAL PRACTICE,25 WOODLAND ROAD,STONEHAM,MA,021801705,42.450448800000004,-71.09076944938434,7,0
9be633aa-ab17-3b45-99cd-13fa29910e0d,ecd3b321-0a8a-3ce6-81f0-982dd77fce43,Tracie996 Lesch175,F,GENERAL PRACTICE,25 HIGHLAND AVE,NEWBURYPORT,MA,019503867,42.81369325,-70.89091645747592,28,0
a1813754-57ae-3a42-885a-0ed31c0170a6,058176fd-cbb0-328b-8411-c19f5045032d,Dion244 Sanford861,M,GENERAL PRACTICE,840 EMERSON GARDENS ROAD,LEXINGTON,MA,02420,42.43761961817366,-71.19888753880475,10,0
0115fc17-b7c1-3276-a2e9-b15f73f912b5,a036cdf2-bbc5-3ffd-987f-56e437fd8b74,Lashanda692 Gutmann970,F,GENERAL PRACTICE,265 N MAIN ST,SOUTH YARMOUTH,MA,026642083,41.680980000000005,-70.18292625685085,11,0
624b5b50-df4c-367d-a062-838623feb407,4f5e8f16-a31b-3071-8556-d7188ede313d,Barrett790 Wolf938,M,GENERAL PRACTICE,575 BEECH ST,HOLYOKE,MA,010402223,42.20105435,-72.628169560868,261,0
fb3749a4-6fcc-38f2-99d2-69b130e18e99,69cb2157-b620-3c51-9c94-f516462d2d55,Anh979 Schroeder447,F,GENERAL PRACTICE,11 WATER ST,ARLINGTON,MA,02476,42.41642055,-71.15424293038585,51,0
a5670bc2-1db1-3c03-b142-764b8b4aaff0,a25107f7-f4f5-36fc-98e4-f3e1b5875c91,Yesenia104 Wilderman619,F,GENERAL PRACTICE,1285 BEACON ST,WOBURN,MA,018012157,42.4979478,-71.1684508,10,0
bcc92e7e-6d11-38a2-9514-3ab6a53f8e5e,63b93742-6c13-3309-92b6-f7c858e9f320,Marietta439 Schmeler639,F,GENERAL PRACTICE,77B WARREN ST,BRIGHTON,MA,021353601,42.348002699999995,-71.14205064012461,19,0
3bd271ae-88ce-35ff-b4ed-9a44a54d432d,83769f98-fff3-3535-8781-6ace5957136f,Emilia403 Breitenberg711,F,GENERAL PRACTICE,115 NORTH AVENUE,ROCKLAND,MA,023702129,42.13496385,-70.92237824494691,17,0
5153fcfd-ffee-3c9f-9606-baa4207efb98,62ccfb55-1f60-3450-a607-706bedc9ef4e,Gerda633 Greenholt190,F,GENERAL PRACTICE,120 MURRAY STREET,MEDFORD,MA,021551300,42.42974035,-71.08853906104483,3,0
dd0cae41-fc04-36bc-aa2c-f659e896c411,9adfae03-673d-365d-9052-f705098fa3e4,Daniel959 Wolff180,M,GENERAL PRACTICE,51 BLOSSOM ST,BOSTON,MA,021142699,42.36305545,-71.06643399281765,11,0
ca95c30d-49fa-3baa-82eb-6bc4231efc61,48a07866-e8d7-3268-aa3c-ca3237c8e6f3,Devona405 Stamm704,F,GENERAL PRACTICE,188 PROVIDENCE ST,HYDE PARK,MA,021361861,42.2682551,-71.12174592925336,31,0
ba15ec28-3753-3ed5-894f-21afa20d81df,89171335-b9c0-3326-98d6-a837d432b9fd,Lorette239 Hauck852,F,GENERAL PRACTICE,150 FLANDERS ROAD,LYNN,MA,019042915,42.466763,-70.9494939,290,0
80731b03-e279-32be-af57-533d41791051,01bde980-bf89-3138-8912-7360dff33247,Caroline183 Lang846,F,GENERAL PRACTICE,456 PARK AVE,WORCESTER,MA,016101254,42.25512735,-71.82580924803523,1,0
09118138-3672-3c41-96c0-2fb1a1d2dada,217cb6f6-e822-3831-9d9d-ffa104971042,Luther918 Jakubowski832,M,GENERAL PRACTICE,2 REHABILITATION WAY,WOBURN,MA,018016003,42.46352265,-71.161925472006,226,0
8aef6b1f-14b0-3d54-8fc0-8a29e1ce6df6,121b0ad1-1beb-3caa-9271-3d3f726bb727,Cortez851 Price929,M,GENERAL PRACTICE,1030 MAIN STREET,WALTHAM,MA,024517447,42.375828,-71.2527956,39,0
d09d302c-5089-3599-bfa2-77e84f0b60b6,883f57b8-89c6-3dc4-b6da-047705c88623,Parker433 Bailey598,M,GENERAL PRACTICE,363 HIGHLAND AVE,FALL RIVER,MA,027203703,41.7093779,-71.1460783680883,1,0
2d3f06fe-e324-3585-abe6-47ec7a4fa5fd,f6ba791e-fe68-3596-bef4-60751db6a60e,Freeda113 Crooks415,F,GENERAL PRACTICE,37 BIRCH STREET,MILFORD,MA,017575501,42.1424349,-71.48943173357203,108,0
6210fef3-422f-3fe0-ab7f-8cc80cdde81a,11a40a26-a5a3-331d-aef0-d06dd90e2b4e,Jacinta658 Wintheiser220,F,GENERAL PRACTICE,10 OSTERVILLE WEST BARNSTABLE RD,YARMOUTH PORT,MA,026752000,41.7020544,-70.249465,28,0
9033c4ec-4d79-3c1e-a7d4-13b8cc94dc69,b954c464-11ea-312b-a3f8-1350775bfa54,Rupert654 Walker122,M,GENERAL PRACTICE,123 CAPTAIN'S ROW,CHELSEA,MA,021504019,42.3917638,-71.0328284,2,0
d9cf7dc0-c9c9-3446-9eab-e9aa26719e71,95f6c328-96dd-3fb8-a56e-9aad566094b4,Burton124 Schoen8,M,GENERAL PRACTICE,4 STONY HILL ROAD,WILBRAHAM,MA,010951027,42.1552861,-72.48384800788648,1,0
7724ce42-1f4b-3e47-bf5f-e879509ad364,485ae27b-c5ba-3fd0-9a16-c9eea20be185,Lael572 Kris249,F,GENERAL PRACTICE,275 MARTINE STREET  SUITE 202,FALL RIVER,MA,027231518,41.68393816525316,-71.1220830626733,2,0
b79c077e-a3de-36ae-b60c-962d8f1cf51c,6d16a8e3-3569-38ab-afac-a2f8c1125085,Lynn917 Crona259,M,GENERAL PRACTICE,1010 WALTHAM STREET,LEXINGTON,MA,024218052,42.4139392,-71.22929265883278,8,0
bec9d43c-f462-3292-9a4b-0ad0c0a7a9fb,91808f17-7583-32a3-aa55-23b131b327c7,Leonie332 Wunsch504,F,GENERAL PRACTICE,200 CORDWAINER DR,NORWELL,MA,020611671,42.16352995,-70.8846291501739,79,0
93367dfa-197e-39cc-be16-fbe922fb7334,76baa51d-0d0f-359d-a07b-7b999a43d42e,Lincoln623 Gibson10,M,GENERAL PRACTICE,101 STATION DR STE 240,WESTWOOD,MA,020902336,42.20728361922244,-71.15698168263435,22,0
e594f5de-beaf-33af-9875-47768d37da96,c05d73d0-b348-32ce-9fe5-13a720950f37,Enrique929 Escobar593,M,GENERAL PRACTICE,45 DRUM HILL RD,CHELMSFORD,MA,018241503,42.6255635,-71.3615131,12,0
9b8ecd0d-4165-3d7c-8fbc-c3fd8fdf104a,d70d47dc-b40c-3a04-8342-35cbfe716409,Lakenya863 Hilpert278,F,GENERAL PRACTICE,83 LITTLEFIELD RD,NEWTON,MA,024593010,42.3104327,-71.18883283411856,32,0
854cf485-9e58-36ee-ae3e-23d0a5582864,0592d4e5-a0fb-3143-83cd-8e5a6b066a96,Anderson154 Lemke654,M,GENERAL PRACTICE,20 EAST ST,HANOVER,MA,023391638,42.1278249,-70.82664947485381,28,0
4be84616-69f2-3cbe-9a76-4d95cbfc624a,7b5bf0fc-c5c0-3f22-980b-fdfff326a9b4,Lorenzo669 Castañeda925,M,GENERAL PRACTICE,40 CUMBERLAND AVE,NORTH ATTLEBORO,MA,027604445,41.9316677,-71.35407469790115,3,0
22430762-e43d-3e3f-811a-e31cc647f34e,6aae7a31-90df-3455-ad8d-81f8cf2d21e8,Houston994 Funk324,M,GENERAL PRACTICE,680 CENTRE ST,BROCKTON,MA,023023308,42.0872752,-70.9910738855076,129,0
